fpr_target,thr,recall
0.005,10.499103546142578,0.0
0.01,10.471441268920898,0.006289308176100629
0.02,10.45220947265625,0.006289308176100629
0.05,10.40162467956543,0.07547169811320754
