round,train_ids,recall,precision,map50
1,"['R0539', 'L0316', 'L0196', 'L0529']",0.12941176470588237,0.018867924528301886,0.011618459030145663
2,"['L0196', 'L0529', 'L0317', 'R0235']",0.1323529411764706,0.03592814371257485,0.028346965530058048
3,"['R0177', 'R0262', 'R0271', 'L0316']",0.07894736842105263,0.017846363637826095,0.004118829950213528
4,"['L0529', 'R0177', 'R0235', 'R0539']",0.029197080291970802,0.005988023952095809,0.0031141867628553884
5,"['L0316', 'R0177', 'L0196', 'L0325']",0.18478260869565216,0.010841836734693877,0.009576219405256494
